vin,year,make,model,trim,bodyStyle,engine,horsepower,drivetrain,transmission,fuelType,mpgCity,mpgHighway,exteriorColor,interiorColor,msrp,dealerPrice,features,safetyRating,reliabilityScore,fuelEconomyScore,city,state,zip,dateAdded
VIN10000XYZ,2024,Toyota,Highlander,TRD,SUV,2.4L Turbo I4,248,4WD,10-speed automatic,Gasoline,40,36,Wind Chill Pearl,Tan Fabric,77915,77375,"Safety Sense, Adaptive Cruise Control, Digital Mirror",5,10,10,Houston,TX,72342,2025-10-18
VIN10001XYZ,2024,Toyota,Corolla,TRD,Sedan,2.0L I4,246,FWD,10-speed automatic,Gasoline,24,51,Supersonic Red,Tan Fabric,28617,27619,"Wireless CarPlay, Heated Seats, Blind Spot Monitor",5,8,9,Dallas,GA,46996,2025-10-18
VIN10002XYZ,2023,Toyota,GR Supra,LE,Coupe,3.0L Turbo I6,263,FWD,8-speed automatic,Gasoline,31,40,Wind Chill Pearl,White Leather,61247,60265,"Apple CarPlay, Android Auto, Lane Assist",4,8,10,Atlanta,FL,64372,2025-10-18
VIN10003XYZ,2023,Toyota,bZ4X,LE,SUV,Electric Motor,190,AWD,8-speed automatic,EV,0,0,Wind Chill Pearl,Tan Fabric,27469,26856,"Wireless CarPlay, Heated Seats, Blind Spot Monitor",4,9,5,Denver,TX,94235,2025-10-18
VIN10004XYZ,2025,Toyota,RAV4 Hybrid,XLE,SUV,2.5L Hybrid,436,RWD,6-speed manual,Hybrid,43,25,Blueprint,Tan Fabric,66554,64782,"Ventilated Seats, 360 Camera, Parking Assist",4,10,9,Denver,FL,79772,2025-10-18
VIN10005XYZ,2024,Toyota,Corolla,TRD,Sedan,2.0L I4,427,4WD,10-speed automatic,Gasoline,40,37,Silver Sky,Gray SofTex,78025,76997,"Panoramic Roof, JBL Audio, Power Liftgate",5,7,8,Austin,FL,71111,2025-10-18
VIN10006XYZ,2023,Toyota,RAV4 Hybrid,TRD,SUV,2.5L Hybrid,216,AWD,10-speed automatic,Hybrid,42,34,Supersonic Red,Gray SofTex,34004,32816,"Ventilated Seats, 360 Camera, Parking Assist",5,9,10,Los Angeles,CA,56761,2025-10-18
VIN10007XYZ,2024,Toyota,Crown,XSE,Sedan,2.4L Turbo Hybrid,384,AWD,CVT,Hybrid,36,30,Wind Chill Pearl,Black Leather,40193,38617,"Ventilated Seats, 360 Camera, Parking Assist",5,7,5,Atlanta,CA,36108,2025-10-18
VIN10008XYZ,2023,Toyota,Highlander,Limited,SUV,2.4L Turbo I4,285,FWD,6-speed manual,Gasoline,23,49,Bronze Age,Tan Fabric,71277,70221,"Panoramic Roof, JBL Audio, Power Liftgate",5,7,9,Miami,FL,61771,2025-10-18
VIN10009XYZ,2023,Toyota,Camry Hybrid,Platinum,Sedan,2.5L Hybrid,345,RWD,CVT,Hybrid,47,53,Bronze Age,Gray SofTex,39299,37655,"Safety Sense, Adaptive Cruise Control, Digital Mirror",5,8,8,Dallas,GA,38141,2025-10-18
VIN10010XYZ,2025,Toyota,Highlander,Limited,SUV,2.4L Turbo I4,410,4WD,CVT,Gasoline,35,34,Silver Sky,White Leather,60436,58446,"Panoramic Roof, JBL Audio, Power Liftgate",4,9,5,Los Angeles,CO,43879,2025-10-18
VIN10011XYZ,2024,Toyota,Camry,XLE,Sedan,2.5L I4,411,AWD,6-speed manual,Gasoline,42,55,Blueprint,Black Leather,71907,70962,"Panoramic Roof, JBL Audio, Power Liftgate",5,9,7,Houston,GA,87874,2025-10-18
VIN10012XYZ,2025,Toyota,RAV4,XSE,SUV,2.5L I4,409,FWD,6-speed manual,Gasoline,38,27,Bronze Age,Tan Fabric,48761,47438,"Safety Sense, Adaptive Cruise Control, Digital Mirror",5,10,9,Miami,CO,83449,2025-10-18
VIN10013XYZ,2023,Toyota,Sequoia,XLE,SUV,3.4L Twin-Turbo Hybrid,250,4WD,10-speed automatic,Hybrid,36,28,Wind Chill Pearl,Gray SofTex,70300,69202,"Apple CarPlay, Android Auto, Lane Assist",4,9,6,Dallas,TX,52771,2025-10-18
VIN10014XYZ,2024,Toyota,Crown,XSE,Sedan,2.4L Turbo Hybrid,373,4WD,8-speed automatic,Hybrid,33,49,Ruby Flare,White Leather,68287,66830,"Apple CarPlay, Android Auto, Lane Assist",5,9,10,Denver,CO,58746,2025-10-18
VIN10015XYZ,2024,Toyota,Tacoma,XSE,Truck,3.5L V6,193,AWD,8-speed automatic,Gasoline,32,58,Ruby Flare,Tan Fabric,39572,37877,"Safety Sense, Adaptive Cruise Control, Digital Mirror",4,10,7,Dallas,CO,95458,2025-10-18
VIN10016XYZ,2024,Toyota,Prius,XLE,Hatchback,2.0L Hybrid,155,FWD,8-speed automatic,Hybrid,51,54,Supersonic Red,Tan Fabric,80174,79105,"Wireless CarPlay, Heated Seats, Blind Spot Monitor",5,7,7,Austin,GA,45457,2025-10-18
VIN10017XYZ,2025,Toyota,Crown,Platinum,Sedan,2.4L Turbo Hybrid,437,4WD,8-speed automatic,Hybrid,24,47,Blueprint,Black Leather,45719,44988,"Ventilated Seats, 360 Camera, Parking Assist",5,9,9,Miami,GA,56755,2025-10-18
VIN10018XYZ,2023,Toyota,Camry Hybrid,LE,Sedan,2.5L Hybrid,414,AWD,CVT,Hybrid,30,33,Wind Chill Pearl,Black Leather,51582,50369,"Panoramic Roof, JBL Audio, Power Liftgate",4,10,10,Austin,CO,62824,2025-10-18
VIN10019XYZ,2024,Toyota,Sequoia,Limited,SUV,3.4L Twin-Turbo Hybrid,210,FWD,CVT,Hybrid,42,25,Blueprint,Black Leather,70156,68192,"Safety Sense, Adaptive Cruise Control, Digital Mirror",4,8,7,Miami,CA,91091,2025-10-18
VIN10020XYZ,2024,Toyota,Corolla Cross,TRD,SUV,2.0L I4,211,FWD,10-speed automatic,Gasoline,47,51,Supersonic Red,Gray SofTex,32658,31776,"Safety Sense, Adaptive Cruise Control, Digital Mirror",5,10,10,Miami,CO,46720,2025-10-18
VIN10021XYZ,2024,Toyota,Sequoia,Limited,SUV,3.4L Twin-Turbo Hybrid,250,RWD,10-speed automatic,Hybrid,24,46,Bronze Age,Tan Fabric,32277,30868,"Wireless CarPlay, Heated Seats, Blind Spot Monitor",4,10,8,Dallas,TX,36680,2025-10-18
VIN10022XYZ,2023,Toyota,Corolla Cross,XSE,SUV,2.0L I4,237,AWD,CVT,Gasoline,29,26,Silver Sky,White Leather,84937,83918,"Safety Sense, Adaptive Cruise Control, Digital Mirror",5,8,10,Houston,CA,88221,2025-10-18
VIN10023XYZ,2023,Toyota,Tacoma,XLE,Truck,3.5L V6,239,4WD,CVT,Gasoline,50,60,Supersonic Red,Gray SofTex,78110,77344,"Apple CarPlay, Android Auto, Lane Assist",4,8,8,Denver,GA,77966,2025-10-18
VIN10024XYZ,2023,Toyota,GR86,TRD,Coupe,2.4L H4,349,AWD,6-speed manual,Gasoline,18,56,Silver Sky,Tan Fabric,37817,36506,"Wireless CarPlay, Heated Seats, Blind Spot Monitor",5,10,5,Denver,TX,78603,2025-10-18
VIN10025XYZ,2024,Toyota,Camry,XLE,Sedan,2.5L I4,211,4WD,6-speed manual,Gasoline,43,26,Supersonic Red,White Leather,49682,49051,"Ventilated Seats, 360 Camera, Parking Assist",5,10,8,Los Angeles,GA,76447,2025-10-18
VIN10026XYZ,2025,Toyota,Tacoma,TRD,Truck,3.5L V6,295,FWD,10-speed automatic,Gasoline,40,51,Silver Sky,Black Leather,77060,75086,"Apple CarPlay, Android Auto, Lane Assist",5,9,7,Atlanta,CO,53563,2025-10-18
VIN10027XYZ,2024,Toyota,RAV4,TRD,SUV,2.5L I4,187,AWD,10-speed automatic,Gasoline,51,56,Wind Chill Pearl,Gray SofTex,61916,61356,"Apple CarPlay, Android Auto, Lane Assist",4,10,7,Miami,GA,90057,2025-10-18
VIN10028XYZ,2024,Toyota,Camry,LE,Sedan,2.5L I4,282,AWD,CVT,Gasoline,41,45,Supersonic Red,Tan Fabric,64493,63553,"Ventilated Seats, 360 Camera, Parking Assist",5,8,10,Dallas,TX,78597,2025-10-18
VIN10029XYZ,2025,Toyota,GR86,LE,Coupe,2.4L H4,269,AWD,8-speed automatic,Gasoline,54,29,Wind Chill Pearl,Tan Fabric,69790,67870,"Apple CarPlay, Android Auto, Lane Assist",4,10,10,Houston,GA,36919,2025-10-18
